date,SO2
2025-08-31,-2.400485711898339e-05
2025-09-01,0.00013662576345743331
2025-09-02,-1.4645842284980145e-05
2025-09-03,2.564954624142287e-06
2025-09-04,9.736813118924265e-05
2025-09-05,0.0001071867843468984
2025-09-06,5.148274013427673e-05
2025-09-07,-3.281038317998702e-05
2025-09-08,1.6256584785878658e-05
2025-09-09,7.137130869293138e-06
2025-09-10,3.446054056678948e-05
2025-09-11,-0.00012101558968424797
2025-09-12,-8.972050272859633e-06
2025-09-13,-5.611900520403829e-06
2025-09-14,4.723125297883616e-06
2025-09-15,3.598798711848731e-05
2025-09-16,-3.914170734146062e-06
2025-09-17,3.9421872974469745e-05
2025-09-18,6.589408032596111e-05
2025-09-19,5.700555144964407e-06
2025-09-21,-2.8096376826950147e-05
2025-09-22,0.00010186073009495262
2025-09-23,0.0001297340573122104
2025-09-24,3.2795453859892276e-05
2025-09-25,4.13702041639582e-05
2025-09-26,8.155766304011818e-05
2025-09-27,6.75233569359634e-05
2025-09-28,1.0944399496560895e-06
2025-09-29,8.027121083627284e-05
2025-10-01,3.98804378860137e-05
2025-10-02,4.044286998025342e-05
2025-10-03,4.511321855693304e-05
2025-10-04,3.798148256963959e-05
2025-10-05,-0.00010508453243807571
2025-10-06,-2.667893876589961e-07
2025-10-07,1.3401230969348876e-05
2025-10-08,2.9641711929192146e-05
2025-10-09,2.5416346282785773e-05
2025-10-10,-2.0769361037550106e-06
2025-10-11,-4.895316999194757e-05
2025-10-12,-1.618576853877247e-05
2025-10-13,-3.4339551348239183e-05
2025-10-14,-2.9425647032136718e-05
2025-10-15,-5.183797717715303e-05
2025-10-16,1.905550444988828e-05
2025-10-17,4.4152992232157305e-05
2025-10-18,5.331567099577264e-05
2025-10-19,-6.996049168741419e-05
2025-10-20,-0.00015366281796660688
2025-10-21,--
2025-10-22,--
2025-10-23,-5.62408956092432e-05
2025-10-24,-6.066348093251387e-05
2025-10-25,0.0001389233861118555
2025-10-26,3.12431449336665e-05
2025-10-27,--
2025-10-28,2.910974347647631e-05
2025-10-29,-3.415771061554551e-05
2025-10-30,-1.4212309686241277e-05
2025-10-31,-8.037320551383926e-05
2025-11-01,-6.10152411079684e-05
2025-11-02,-2.92490051472432e-05
2025-11-03,-0.00034314171912578435
2025-11-04,8.385900803136103e-05
2025-11-05,2.7097404263047285e-05
2025-11-06,0.0001997845247387886
2025-11-07,0.00019961160918076834
2025-11-08,3.6004407602492012e-06
2025-11-09,--
2025-11-10,0.00012195333173232419
2025-11-11,2.1557460058829747e-05
2025-11-12,0.00010418521706014871
2025-11-13,--
2025-11-14,-5.216268244001901e-05
2025-11-15,-2.8835811043301455e-05
2025-11-16,0.00011601983052161005
2025-11-17,0.00012692654590037736
2025-11-18,-5.4281662707611665e-06
2025-11-19,7.429264007589302e-05
2025-11-20,4.157914142859609e-06
2025-11-21,-6.397640229099327e-05
2025-11-22,-1.8550654288467972e-05
2025-11-23,4.336022708601165e-05
2025-11-24,7.664019108882972e-05
2025-11-25,-8.792955568938885e-05
2025-11-26,0.00011064895884470737
2025-11-27,0.00011354407223944481
2025-11-28,0.0001798233349029332
2025-11-29,0.00012708758866345442
2025-11-30,-0.0002154894339452897
2025-12-01,-2.09513523462993e-05
2025-12-02,0.000248043948123532
2025-12-03,7.582036778330803e-05
2025-12-04,--
2025-12-05,3.1008526760463914e-05
2025-12-06,0.00012840454424308106
2025-12-07,6.893506346672188e-05
2025-12-08,8.64818160023008e-05
2025-12-09,--
2025-12-10,0.0001412677312535899
2025-12-11,3.776301228855219e-05
2025-12-12,-1.0603796425452338e-05
2025-12-13,2.9092200011724517e-05
2025-12-14,--
2025-12-15,-1.3700956645022546e-05
2025-12-16,5.794338261087735e-05
2025-12-17,4.202929878796356e-05
2025-12-18,7.481021978157132e-05
2025-12-19,--
2025-12-20,--
2025-12-21,8.337438463213596e-05
2025-12-22,-2.2629650471651036e-05
2025-12-23,3.295162168797106e-05
2025-12-24,4.9823166235633515e-05
2025-12-25,9.272688013665817e-05
2025-12-26,0.00012774688191711904
2025-12-27,--
2025-12-28,0.0001551365447148942
2025-12-29,0.00010127471759915351
2025-12-30,6.909343591403394e-05
2025-12-31,--
2026-01-01,-0.0003029944103521605
2026-01-02,0.0001414515310898423
2026-01-03,--
2026-01-04,6.281794048845768e-05
2026-01-05,--
2026-01-06,-0.00012836697419266123
2026-01-07,-0.00011157505214214325
2026-01-08,0.00019363432216483193
2026-01-09,1.581327524036169e-05
2026-01-10,--
2026-01-11,--
2026-01-12,--
2026-01-13,--
2026-01-14,0.00014279900351539255
2026-01-15,--
2026-01-16,-0.00019845187974472842
2026-01-17,--
2026-01-18,-0.00022652292682323605
2026-01-19,3.323534619994462e-05
2026-01-20,-5.276362644508481e-05
2026-01-21,-2.14170286199078e-06
2026-01-22,--
2026-01-23,--
2026-01-24,4.5991168521782934e-05
2026-01-25,4.628293236043859e-05
2026-01-26,2.2473489829840568e-05
2026-01-27,--
2026-01-28,-3.201408681514509e-05
2026-01-29,-7.660552749738973e-06
2026-01-30,1.8678033751819065e-05
2026-01-31,3.469792093233307e-05
2026-02-01,2.2036447522363494e-05
2026-02-02,3.103484674024263e-05
2026-02-03,2.6820508378838735e-05
2026-02-04,4.2458869178186766e-05
2026-02-05,3.690945092015542e-05
2026-02-06,3.943973502447439e-05
2026-02-07,--
2026-02-08,-1.426795885587732e-05
2026-02-09,--
2026-02-10,8.138436896842904e-06
2026-02-11,--
2026-02-12,0.00010425735187406342
2026-02-13,--
2026-02-14,1.3116509459602336e-05
2026-02-15,5.1143288146704435e-05
2026-02-16,5.866569170558994e-05
2026-02-17,1.9000238703133968e-05
2026-02-18,-0.00023128597240429372
2026-02-19,9.641386427436814e-05
2026-02-20,4.042612688083734e-05
2026-02-21,9.105931562574014e-05
2026-02-22,0.0001070456492016092
2026-02-23,-8.291455950321896e-05
2026-02-24,--
2026-02-25,--
2026-02-26,-3.9736185786559396e-05
2026-02-27,4.816127400244436e-05
2026-02-28,0.00011569040517012278
2026-03-01,2.641719992010339e-05
2026-03-02,--
2026-03-03,-6.7040998076733486e-06
2026-03-04,2.481672680005431e-05
2026-03-05,4.880035339738242e-05
2026-03-06,3.647877066026604e-05
2026-03-07,-6.468644278356805e-05
2026-03-08,7.206225806536774e-05
2026-03-09,3.018597617927121e-05
2026-03-10,8.910845005602548e-06
2026-03-11,-0.00014601973816752434
2026-03-12,3.2759615889107674e-05
2026-03-13,4.439863284498873e-05
2026-03-14,0.0001922538413584811
2026-03-15,5.7323003636190185e-05
2026-03-16,0.00013193914977212748
2026-03-17,1.2948341411200987e-05
2026-03-18,2.997151395979048e-05
2026-03-19,0.00030720192060041963
2026-03-20,-2.9239068538242694e-05
2026-03-21,9.859714919002727e-05
2026-03-22,-3.267217870438244e-05
2026-03-23,7.836150425468005e-06
2026-03-24,2.434291673125699e-05
2026-03-25,6.2932014144712785e-06
2026-03-26,--
2026-03-27,4.748620218440388e-05
2026-03-28,2.459529245835404e-05
2026-03-29,9.406197288658766e-05
2026-03-30,0.0001451607793569565
2026-03-31,-1.5744856872790774e-05
2026-04-01,-3.1717014887059726e-05
2026-04-02,8.435178499080633e-05
2026-04-03,5.242072967524381e-05
2026-04-04,-6.324145942926407e-05
2026-04-05,5.5664094785849255e-05
2026-04-06,1.1338936083280204e-05
2026-04-07,6.818881325693016e-05
2026-04-08,4.035550435738904e-05
2026-04-09,-0.00012014089484832116
2026-04-10,0.0003311533921508379
2026-04-11,0.00023312288625486967
2026-04-12,0.0001161830292807685
2026-04-13,-1.2349487359145868e-05
2026-04-14,2.575438826325092e-05
2026-04-15,0.00013738613704155232
2026-04-16,0.0001507332282406943
2026-04-17,0.00013420972973108292
2026-04-18,7.930097716121839e-05
2026-04-19,-2.8006762506500366e-05
2026-04-20,0.0001361550520295682
2026-04-21,4.4654470534538324e-05
2026-04-22,--
2026-04-23,-0.00012352127814665436
2026-04-24,-9.436850427641525e-06
2026-04-25,-4.553554012914593e-06
2026-04-26,-1.1663681729451606e-05
2026-04-27,-8.512676907451572e-06
2026-04-28,-6.844281451776624e-05
2026-04-29,-6.435607989015205e-05
2026-04-30,-0.00014439295046031475
2026-05-01,0.00011940514668822289
2026-05-02,8.333521739890178e-05
2026-05-03,-3.198188642272726e-05
2026-05-04,4.744301882705518e-05
2026-05-06,0.00022365686063672983
2026-05-07,5.919513908230652e-05
2026-05-08,8.015938413639864e-05
2026-05-09,0.0001410210132598877
2026-05-10,2.4564165775616146e-05
2026-05-11,0.00013560947479197271
2026-05-12,5.5074389291624735e-05
2026-05-13,6.15035456095664e-05
2026-05-14,-0.00021496419187473214
2026-05-15,0.00012811540793149898
2026-05-16,4.503430371416859e-06
2026-05-17,0.000156108802859334
2026-05-18,8.467772821767614e-05
2026-05-19,6.062398724099423e-05
2026-05-20,-5.300375906860127e-05
2026-05-21,-8.210050208227975e-05
2026-05-22,8.055668281899257e-05
2026-05-23,0.00028743961988722235
2026-05-24,0.00019317933104254982
2026-05-25,0.0001279898416036847
2026-05-26,4.293113666516478e-05
2026-05-27,9.443653967752252e-05
2026-05-28,7.11004645124359e-05
2026-05-29,9.328808325032393e-05
2026-05-30,0.0001681154418704856
2026-05-31,7.146749800692002e-05
2026-06-01,5.100218250471003e-05
2026-06-02,3.498522564768791e-05
2026-06-03,1.3274295876423517e-05
2026-06-04,8.112554593632618e-05
2026-06-05,7.858657446722017e-06
2026-06-06,4.341473511184554e-05
2026-06-07,4.345335764810443e-05
2026-06-08,0.0004202311858534813
2026-06-09,0.00015300636490186056
2026-06-10,2.2950442943060508e-05
2026-06-11,0.00011377760674804449
2026-06-12,-0.00011712838507567842
2026-06-13,4.329481245284634e-05
2026-06-14,-1.0094679016460721e-05
2026-06-15,0.00024155691704329322
2026-06-16,9.844928911519707e-05
2026-06-17,6.416858135101695e-05
2026-06-18,3.7615122186524846e-05
2026-06-19,0.0003266733760635058
2026-06-20,0.0003199839354062281
2026-06-21,1.304216372470061e-05
2026-06-22,4.888494284107135e-05
2026-06-23,5.492450321441168e-05
2026-06-24,3.3944515910531796e-05
2026-06-25,1.0965130059048533e-05
2026-06-26,9.802472072117257e-05
2026-06-27,4.577642479508193e-06
2026-06-28,0.00018449442396903861
2026-06-29,9.24544253696998e-05
2026-06-30,0.0001585293250779311
2026-07-01,0.0004617918282747269
2026-07-02,4.2213562773455174e-05
2026-07-03,0.0001071084917119119
2026-07-04,0.0001754020906497385
2026-07-05,0.00014180627412500635
2026-07-07,-7.494218513235316e-05
2026-07-08,3.3684909776455226e-05
2026-07-09,1.720111162038678e-05
2026-07-10,8.513572004934153e-05
2026-07-11,9.159829025551424e-05
2026-07-12,5.79104331942896e-05
2026-07-13,2.426485036004771e-05
2026-07-14,9.558574917415778e-05
2026-07-15,7.115784966576416e-05
2026-07-16,7.428625679534414e-05
2026-07-17,-1.2605231912697063e-05
2026-07-18,2.393430331721902e-05
2026-07-19,4.161698320372538e-05
2026-07-20,1.4655176677148451e-05
2026-07-21,1.692388727629589e-05
2026-07-22,5.293209881832202e-05
2026-07-23,-8.697345037944614e-07
2026-07-24,9.727271982526358e-05
2026-07-25,0.0001411716608951489
2026-07-26,5.842052993521226e-05
2026-07-27,7.936184313924362e-06
2026-07-28,-7.283909406553032e-05
2026-07-29,1.8457654872550986e-05
2026-07-30,1.031495720291367e-06
2026-07-31,2.526476719351702e-05
2026-08-01,2.1859101745915616e-05
2026-08-02,0.00015999771117627083
2026-08-03,7.240628033424869e-05
2026-08-04,6.182317404036827e-05
2026-08-05,0.000139487122564956
2026-08-06,0.0001500127992282311
2026-08-07,8.434588089585304e-05
2026-08-08,3.0127386950577298e-05
2026-08-09,0.0001629482333858808
2026-08-10,0.0001629531942307949
2026-08-11,0.00017341921946643728
2026-08-12,0.00014379421869913737
2026-08-13,4.27130648555855e-05
2026-08-14,2.8880347963422535e-05
2026-08-15,2.8696535353330857e-05
2026-08-16,-5.608090688869105e-05
2026-08-17,-4.057060960713808e-05
2026-08-18,7.64794278679029e-05
2026-08-19,-2.2990243570482145e-05
2026-08-20,0.000129057222283354
2026-08-21,4.335466063523715e-05
2026-08-22,3.0755551114421466e-05
2026-08-23,-2.0757191426431138e-05
2026-08-24,4.493040032684803e-05
2026-08-25,0.0001222463867937525
2026-08-26,6.429852975397995e-05
2026-08-27,2.0325557778636782e-06
2026-08-28,-4.3449449973801774e-05
